{
    "location-bodiesofwater": "water",
    "other-law": "law",
    "art-broadcastprogram": "broadcast",
    "organization-media/newspaper": "media",
    "building-restaurant": "restaurant",
    "person-artist/author": "artist",
    "art-film": "film",
    "other-award": "award",
    "location-park": "park",
    "event-other": "event",
    "organization-government/governmentagency": "government",
    "person-other": "person",
    "other-educationaldegree": "educational",
    "organization-education": "school",
    "person-director": "director",
    "product-game": "game",
    "building-sportsfacility": "facility",
    "event-protest": "protest",
    "product-car": "car",
    "other-language": "language",
    "building-airport": "airport",
    "organization-other": "organization",
    "building-other": "building",
    "location-other": "location",
    "person-athlete": "athlete",
    "organization-showorganization": "show",
    "organization-sportsleague": "sports",
    "location-GPE": "geopolitical",
    "person-scholar": "scholar",
    "building-library": "library",
    "building-hotel": "hotel",
    "location-road/railway/highway/transit": "road",
    "art-painting": "painting",
    "building-hospital": "hospital",
    "event-election": "election",
    "art-writtenart": "written",
    "organization-religion": "religion",
    "organization-company": "company",
    "product-train": "train",
    "product-ship": "ship",
    "event-attack/battle/war/militaryconflict": "attack",
    "event-sportsevent": "championships",
    "event-disaster": "disaster",
    "other-currency": "currency",
    "product-weapon": "weapon",
    "other-livingthing": "living",
    "organization-sportsteam": "team",
    "person-politician": "politician",
    "other-god": "god",
    "organization-politicalparty": "party",
    "art-music": "music",
    "art-other": "art",
    "person-actor": "actor",
    "building-theater": "theater",
    "other-biologything": "biology",
    "product-software": "software",
    "location-island": "island",
    "other-medical": "medical",
    "other-disease": "disease",
    "other-chemicalthing": "chemical",
    "product-other": "product",
    "product-airplane": "plane",
    "product-food": "food",
    "location-mountain": "mountain",
    "other-astronomything": "astronomy",
    "person-soldier": "soldier"
}